"","Region","Year","TyphoidRate","DiarrheaRate","HepatitisRate","UnsafeRisk","Level of water stress: freshwater withdrawal as a proportion of available freshwater resources","People practicing open defecation (% of population)","People using at least basic drinking water services (% of population)","People using at least basic sanitation services (% of population)","People using safely managed drinking water services (% of population)","People using safely managed sanitation services (% of population)","People with basic handwashing facilities including soap and water (% of population)","Population density (people per sq. km of land area)","Population, total","Water productivity, total (constant 2015 US$ GDP per cubic meter of total freshwater withdrawal)"
"1","Region of the Americas",2000,0,5.88,0.38,1,13.0880109911111,8.2523463257037,88.6754529607407,77.1069348603571,61.4906999207143,41.6965701029412,NA,122.245450018278,23129104.3055556,33.7134906130769
"2","Region of the Americas",2001,0,5.81,0.38,0.94,13.2760507239259,7.92771511111111,89.0679045981481,77.6197650535714,61.8516584357143,41.9327477176471,NA,123.212556683889,23419176.8888889,32.2710316985769
"3","Region of the Americas",2002,0,5.74,0.38,0.89,13.4935187621111,7.60706427037037,89.4909483188889,78.1401000089286,62.1922261707143,42.1269523841176,NA,124.214706177528,23699974.7222222,31.7321803448077
"4","Region of the Americas",2003,0,5.66,0.37,0.86,13.6932752554444,7.27267906507407,89.9185256574074,78.6635929235714,62.5904974371429,42.4512842188235,NA,125.14549209125,23969686.4444444,32.219810874
"5","Region of the Americas",2004,0,5.58,0.37,0.82,13.874946684963,6.94817885566667,90.3140385588889,79.1803637128571,62.9886240664286,42.8854370494118,NA,126.031400380389,24241831.1666667,33.0355370862308
"6","Region of the Americas",2005,0,5.47,0.37,0.78,13.4965280146296,6.62705003192593,90.7031601174074,79.72967741,63.3874533442857,43.2805508347059,NA,126.556216564833,24510442.75,33.9925730300769
"7","Region of the Americas",2006,0,5.27,0.37,0.75,13.6157410315185,6.31001500396296,91.0873016214815,80.2822941942857,63.78579248,43.6783020547059,NA,127.331118566306,24783032.1388889,36.5413219071538
"8","Region of the Americas",2007,0,4.96,0.37,0.7,13.716820911,5.99685343918518,91.4679306251852,80.8482850139286,64.181215655,44.0769396105882,NA,128.106755535361,25053981.7777778,38.5095248179615
"9","Region of the Americas",2008,0,4.61,0.37,0.67,13.9149070024815,5.68770232485185,91.8454698937037,81.4131541610714,64.572678385,44.4795967970588,NA,128.908795246111,25325578.7222222,38.9793963261538
"10","Region of the Americas",2009,0,4.28,0.37,0.63,13.9984292306667,5.38335464585185,92.2132680814815,81.9788135671429,65.1531774514286,44.8923002529412,NA,129.6894489475,25590401.9166667,36.9112432221154
"11","Region of the Americas",2010,0,4.03,0.37,0.6,14.1163309485556,5.08287457162963,92.5761153211111,82.5431621385714,65.7342136385714,45.3152763870588,NA,130.416243441806,25848376.3611111,36.3699329822692
"12","Region of the Americas",2011,0,3.86,0.37,0.66,14.1588945326667,4.78611717933333,92.9349123814815,83.1037098942857,66.314350655,45.7515335247059,NA,131.069842955417,26095738.5833333,36.8299071841154
"13","Region of the Americas",2012,0,3.68,0.37,0.56,14.2413965757037,4.49303765907407,93.2903453677778,83.6630511210714,66.8940098114286,46.2215725217647,NA,131.771603263917,26345236.75,38.0321832459231
"14","Region of the Americas",2013,0,3.5,0.37,0.56,14.2660750981852,4.204211179,93.6600373448148,84.2203531639286,67.5154264314286,46.6964826311765,NA,132.524043957139,26589474.2777778,38.6218415315769
"15","Region of the Americas",2014,0,3.35,0.37,0.54,14.3128637609259,3.91908907414815,94.0261109796296,84.7665117867857,68.1380367407143,47.1757964223529,NA,133.136008881528,26834632.25,39.4760802368077
"16","Region of the Americas",2015,0,3.25,0.36,0.52,14.0698312805556,3.63721424088889,94.3877233011111,85.3251439496429,68.7262192521429,47.6535393735294,NA,133.671878696389,27074134.3333333,40.2872253098846
"17","Region of the Americas",2016,0,3.15,0.36,0.51,14.2754807126667,3.35872375774074,94.7362133396296,85.8788146335714,69.2349396064286,48.0973622352941,NA,134.134856493083,27312776.6666667,40.5493520662692
"18","Region of the Americas",2017,0,3.04,0.36,0.49,14.2842318844074,3.07580212707407,95.0736179848148,86.4290086021429,69.5827313242857,48.4675636405882,NA,134.491121939278,27539096.3055556,40.8919457552692
"19","Region of the Americas",2018,0,2.94,0.36,0.47,14.6411582728148,2.82529682696296,95.3665467574074,86.9483010560714,69.8553426357143,48.8184446047059,NA,134.666737412694,27749956.6111111,42.0096252810385
"20","Region of the Americas",2019,0,2.88,0.36,0.47,14.6489190720741,2.59770829562963,95.5694971037037,87.4677479825,70.0625224285714,49.1726643788235,NA,135.249500098028,27950193.6111111,42.792870049
"21","Region of the Americas",2020,0,2.72,0.34,0.36,14.6182450812222,2.39736010603704,95.7468150218518,87.9061585696429,70.2458764085714,49.4926545147059,NA,136.088585956361,28179454.6111111,38.0587218605385
"22","Region of the Americas",2021,0,2.72,0.33,0.32,14.6790938498889,2.2279541357037,95.9171163681481,88.3116714728571,70.4225457392857,49.8082312217647,NA,136.5191209735,28303685.6944444,39.9161368367308
"23","African Region",2000,0.04,22.74,0.7,10.68,9.72499611927907,32.8754594129524,56.2606314113954,25.5792707349048,15.7240890344762,15.29002589752,9.2613819735,77.9665313357609,14369649.8297872,26.081808629
"24","African Region",2001,0.04,22.66,0.7,10.62,10.0726951241163,32.1405056661905,56.8915512648837,26.149801191619,16.0583011434762,15.56869548556,9.548827301,79.4786835983913,14749032.8297872,28.3511698312326
"25","African Region",2002,0.04,22.56,0.69,10.41,10.4342041774884,31.3466123650476,57.5603276674419,26.7909226458571,16.448185324,15.9030541076,9.845010353,81.2120686877174,15141153.1489362,29.8325961841395
"26","African Region",2003,0.04,22.43,0.68,10.19,10.6377752702326,30.5588058536905,58.2191847869767,27.4354666190238,16.8310775855238,16.24197593764,10.1558790975,82.8727505988478,15546526.7446809,30.5087465766279
"27","African Region",2004,0.04,22.32,0.68,10.1,10.7705906271163,29.7749748763095,58.8941827725581,28.1011107380476,17.327165559619,16.58857033124,10.4675168425,84.3663011266304,15966889.2553191,33.5935226926512
"28","African Region",2005,0.04,22.27,0.68,10.06,10.9004073156512,28.9927033249286,59.5719343718605,28.8358677144524,17.830862484619,17.01335889492,10.9746379376667,86.2152938894348,16401440.212766,35.8844061346744
"29","African Region",2006,0.04,22.28,0.68,10.16,11.0060801463953,28.2187715199048,60.2608141937209,29.5814553188333,18.3462653312381,17.4389681448,11.4824402506667,88.1617204339348,16849466.7446809,38.0062852628605
"30","African Region",2007,0.04,22.33,0.68,10.11,11.0745538856744,27.4439469096905,60.9561381281395,30.3398417410952,18.907792812381,17.86386950564,11.985576744,90.1138437871522,17312076.212766,40.7310196333256
"31","African Region",2008,0.03,22.37,0.68,9.95,11.3250599919767,26.6704136415476,61.6562976437209,31.1053132080714,19.4762590477619,18.28787979964,12.4852991433333,92.2137151021522,17791207.8510638,44.1558561763488
"32","African Region",2009,0.03,22.38,0.68,9.81,11.337547330814,25.902526127,62.3533086593023,31.8760928341905,20.0024960611429,18.70352286532,12.9858555808333,94.3375067863913,18283136.6595745,45.1447571125581
"33","African Region",2010,0.03,22.32,0.67,9.65,11.4675968210465,25.1397557641429,63.0475610439535,32.6515895864048,20.5282612111429,19.08657079956,13.4874030301667,96.5575337470652,18791036.9787234,45.3410594277209
"34","African Region",2011,0.03,22.09,0.68,9.38,11.5101247349302,24.3838943111429,63.7478397413953,33.4300177846667,21.2666223989524,19.5269206508,13.9898666351667,98.7348809083913,19317912.0425532,47.7512469929302
"35","African Region",2012,0.03,21.69,0.68,9.13,11.6138817665814,23.6371232908571,64.4409423902326,34.2023708390238,22.0454413874762,19.95127966536,14.4932857555,100.885353848761,19856002.9361702,50.9712281274651
"36","African Region",2013,0.03,21.2,0.68,8.87,11.7101343537674,22.8960784265952,65.1303720727907,34.9783206381191,22.6464780514762,20.36902881516,14.9975386046667,103.108152227826,20404077.3191489,51.3881867410465
"37","African Region",2014,0.03,20.72,0.68,8.54,12.0320834771628,22.1595488814524,65.8173913237209,35.7588453537619,23.1933965182857,20.78033415284,15.5033506265,105.3483599455,20957516.1489362,53.0550447091395
"38","African Region",2015,0.03,20.33,0.68,8.26,12.3628064656512,21.427581537381,66.5147792795349,36.5245989650714,23.7465036095238,21.18532931864,16.0106584781667,107.548777860891,21519984.0212766,52.1210307978372
"39","African Region",2016,0.03,19.98,0.68,8.06,12.676668333093,20.7004482792857,67.2140870934884,37.2836357135238,24.2626394455238,21.587972006,16.5192402675,109.68556322037,22086515.5957447,51.0407630431395
"40","African Region",2017,0.02,19.58,0.68,7.81,12.8696058509535,19.9782844140238,67.9140206890698,38.0442567618333,24.7477718010952,21.98395681596,17.0290929596667,111.91140609587,22659574.7021277,50.9861366856047
"41","African Region",2018,0.02,19.27,0.67,7.53,13.1425029552093,19.2604092995,68.5916416469767,38.7952158997143,25.2103468597619,22.34567973972,17.5400610673333,114.206748806891,23251467.0638298,50.928150293
"42","African Region",2019,0.02,19.13,0.67,7.25,13.3200406056977,18.5494658906429,69.2468351451163,39.5465876040714,25.6525664560476,22.68340939016,18.0521767915,116.54304196113,23851723.787234,51.4266362735814
"43","African Region",2020,0.02,18.24,0.62,6.07,13.5047730634419,17.8676387204762,69.8655587102326,40.2314262376905,26.0538854615238,23.0286829458,18.5653752473333,118.89039514437,24459938.7234043,49.3722290403953
"44","African Region",2021,0.02,18.14,0.61,5.36,13.5486359834419,17.236480327381,70.4718865032558,40.8198980865714,26.341901802,23.31135824836,19.0012371445,121.262494433696,25073078.0638298,50.7516621028837
"45","Eastern Mediterranean Region",2000,0.06,15.2,0.83,5.57,313.248728130143,12.5307511854118,79.0998408495238,75.0750310328571,65.3125393353846,54.076059011875,NA,133.44745432019,22451036.1363636,34.13558968355
"46","Eastern Mediterranean Region",2001,0.06,15.06,0.82,5.31,317.843334160143,12.2096439493529,79.397890907619,75.3777135952381,65.4762287592308,54.277452708125,NA,137.277848742095,23001375.9090909,34.1800789566
"47","Eastern Mediterranean Region",2002,0.05,14.93,0.81,5.07,323.524318301095,11.8425359566471,79.8046724247619,75.8251792247619,65.7075710053846,54.51462125625,NA,142.81737351981,23557049.0454545,34.33949004675
"48","Eastern Mediterranean Region",2003,0.05,14.81,0.81,4.84,327.694835843476,11.3936536292941,80.2688928366667,76.3573636504762,65.9379402730769,54.776987961875,NA,147.995487005333,24130912.7272727,36.42913441125
"49","Eastern Mediterranean Region",2004,0.05,14.73,0.8,4.7,344.64885773919,10.9411838227647,80.7326084942857,76.9064913080952,66.1734929446154,55.086055134375,NA,153.48496085419,24731163.3181818,38.6874363449
"50","Eastern Mediterranean Region",2005,0.05,14.66,0.78,4.44,361.856824913476,10.4649216388235,81.241702752381,77.5667710633333,66.4488490923077,55.450427325,NA,159.483336487238,25348804.5454545,40.05499801205
"51","Eastern Mediterranean Region",2006,0.05,14.67,0.77,4.3,369.535424714429,9.99192684988235,81.7727275266667,78.2258987452381,66.8902566392308,55.859069815,NA,167.458625355048,25990178.2727273,44.1421486134
"52","Eastern Mediterranean Region",2007,0.04,14.75,0.76,4.17,374.349002729667,9.64684101382353,82.2325674909524,78.824666637619,67.3307979138462,56.248126288125,NA,175.732820250238,26638832.0454545,47.77748448165
"53","Eastern Mediterranean Region",2008,0.04,14.88,0.75,4.04,379.063835145857,9.15256089005882,82.7943998190476,79.50004115,67.94349613,56.71056947375,NA,182.813007334048,27297773.6818182,51.5053716379
"54","Eastern Mediterranean Region",2009,0.04,14.95,0.74,3.85,383.484488808238,8.66370663317647,83.3560176133333,80.1748645219048,68.6391959946154,57.233116998125,NA,191.002834208429,27966831.5,53.0088075635
"55","Eastern Mediterranean Region",2010,0.04,14.93,0.73,3.61,388.101091757762,8.17951774805882,83.9181985904762,80.8499168942857,69.3401549738462,57.75936453625,NA,196.493755376143,28558112.5,57.5064007451
"56","Eastern Mediterranean Region",2011,0.04,14.76,0.72,3.26,392.072995708238,7.70049410076471,84.4746331247619,81.5223305514286,70.0536810246154,58.289409715,NA,196.699968985619,29202639.1818182,61.6475087778
"57","Eastern Mediterranean Region",2012,0.04,14.46,0.72,3.15,397.69536000919,7.26292105352941,85.028170072381,82.1746540195238,70.7902815053846,58.80446933875,NA,200.778249203857,29849140.2727273,63.73757027165
"58","Eastern Mediterranean Region",2013,0.04,14.11,0.71,3.09,402.108690551095,6.82963424223529,85.5770666128571,82.8257008666667,71.4910978723077,59.360403770625,NA,208.945668264048,30510044,65.61753111655
"59","Eastern Mediterranean Region",2014,0.03,13.74,0.71,2.92,405.651544748238,6.40061728764706,86.1247238109524,83.4686099561905,72.1929632761538,59.92241730875,NA,218.845815679381,31137507.9545455,67.82386522325
"60","Eastern Mediterranean Region",2015,0.03,13.45,0.7,2.8,410.824593421571,5.97587643470588,86.6746955509524,84.1012561409524,72.8579627015385,60.497655965,NA,225.417230875619,31782750.8181818,71.3301827045
"61","Eastern Mediterranean Region",2016,0.03,13.16,0.7,2.67,417.91852618919,5.55533752376471,87.2234287428571,84.7287387523809,73.4377820646154,61.1209923725,NA,230.901201599095,32399133.2272727,73.626982263
"62","Eastern Mediterranean Region",2017,0.03,12.79,0.69,2.57,431.476360421095,5.15315946558824,87.7706784114286,85.3526942976191,73.9384155238461,61.766517295625,NA,237.240239591619,32984044.2727273,73.2498499563
"63","Eastern Mediterranean Region",2018,0.03,12.43,0.68,2.4,433.747064150143,4.76545783223529,88.3643420980952,85.9552640819048,74.4369599146154,62.41376354625,NA,239.34278170081,33553349.0454545,74.0930436007
"64","Eastern Mediterranean Region",2019,0.03,12.14,0.67,2.28,433.308365340619,4.40762994423529,88.8547814547619,86.5173028080952,74.8320028076923,63.05030538875,NA,239.682212509095,34156415.9545455,74.57636015315
"65","Eastern Mediterranean Region",2020,0.03,11.07,0.62,1.72,431.253740068714,4.06791453382353,89.3134692133333,86.9488601957143,75.20041739,63.580784138125,NA,240.516440190619,34821501,70.9308024981
"66","Eastern Mediterranean Region",2021,0.02,10.96,0.6,1.49,430.398791680619,3.78614193258824,89.7219293947619,87.2359410657143,75.4674489861539,63.877665955625,NA,242.710988120476,35375734.4090909,73.41091647025
"67","South-East Asia Region",2000,0.22,21.77,0.83,10.13,32.6113729797143,25.9388451617778,82.98229291,49.68673914,38.4426778242857,23.6547845343333,NA,307.067591757273,144179356.909091,64.1032180406667
"68","South-East Asia Region",2001,0.22,21.73,0.82,9.71,32.8799489745714,24.7696590117778,83.584612974,51.0448415488889,38.8265474957143,24.499671473,NA,312.278659394545,146663349.545455,63.5413954496667
"69","South-East Asia Region",2002,0.21,21.72,0.8,9.39,33.1961440167143,23.5587999373333,84.191099469,52.5989077755556,39.2051415357143,25.3818978423333,NA,317.232426975455,149090501.181818,68.8884354648333
"70","South-East Asia Region",2003,0.2,21.73,0.78,9.16,33.5123390587143,22.3583734377778,84.794384366,54.1586098811111,39.5868473471429,26.2702078033333,NA,321.84095182,151448946.727273,79.1533981925
"71","South-East Asia Region",2004,0.19,21.71,0.77,8.7,33.1625164378571,21.1685319451111,85.388157612,55.7236136633333,39.96621697,27.326943385,NA,326.268220876364,153780188.363636,84.7805562753333
"72","South-East Asia Region",2005,0.18,21.75,0.77,8.58,33.0528533227143,19.9902721743333,85.947131047,57.3012508944444,40.3200871557143,28.3653198433333,NA,330.544898208182,156050778.454545,85.8508349113333
"73","South-East Asia Region",2006,0.18,21.81,0.76,8.31,33.294217887,18.8289141745556,86.495167636,58.86860925,40.6719538914286,29.40160891,NA,335.475392961818,158272084.272727,103.007541074667
"74","South-East Asia Region",2007,0.17,21.91,0.74,8.04,33.5627933355714,17.6855095751111,87.038144767,60.4305147022222,41.0263722914286,30.45588705,NA,341.266767356364,160444591.090909,106.196316257
"75","South-East Asia Region",2008,0.16,21.97,0.73,7.66,33.7769470155714,16.5508291806667,87.580163684,62.0158044766667,41.3835308414286,31.5156678133333,NA,347.257476024545,162546612.454545,114.1467424755
"76","South-East Asia Region",2009,0.16,22.06,0.71,7.47,33.0840712161429,15.4252831663333,88.119348088,63.6058586188889,41.7459217685714,32.47468253,NA,353.281481559091,164664443.727273,171.4472379195
"77","South-East Asia Region",2010,0.15,22.06,0.7,7.17,32.3911954171429,14.3092576234444,88.655378203,65.2025077655556,42.1115051528571,33.4281212716667,NA,359.376945334545,166813463.454545,511.628663206
"78","South-East Asia Region",2011,0.14,21.98,0.68,6.84,34.276545987,13.2047057581111,89.185584353,66.8040402433333,42.96040267,34.3802147183333,NA,365.601466405455,168952524,121.812939047833
"79","South-East Asia Region",2012,0.13,21.81,0.66,6.53,34.4067945141429,12.1086372863333,89.713003557,68.4122759388889,43.8390038471429,35.3342740083333,NA,371.976092158182,171079250.454545,124.778999532167
"80","South-East Asia Region",2013,0.12,21.62,0.63,6.26,34.5370430427143,11.0213521065556,90.237964858,70.0264773377778,44.4829858785714,36.2909976666667,NA,377.264052217273,173100943.272727,133.3966282815
"81","South-East Asia Region",2014,0.1,21.45,0.59,5.9,34.6672915698571,9.95150045277778,90.760573652,71.6465741611111,45.2356019814286,37.3260777916667,NA,383.728241896364,175113437.363636,143.740990743833
"82","South-East Asia Region",2015,0.1,21.36,0.57,5.55,34.7975400984286,8.98186864466667,91.281008291,73.2683411211111,45.9946875842857,38.3687040233333,NA,390.890367800909,177052696.272727,149.465249945667
"83","South-East Asia Region",2016,0.09,21.39,0.54,5.22,34.9277886255714,8.020577306,91.782875684,74.8848969111111,46.7471727357143,39.4184256833333,NA,397.905930855455,179001950.636364,159.220891735
"84","South-East Asia Region",2017,0.08,21.5,0.52,4.98,34.9277886255714,7.06105608533333,92.255226912,76.4936230444444,47.4843546728571,40.4590791216667,NA,404.755355664545,180907511.090909,170.4367488395
"85","South-East Asia Region",2018,0.08,21.67,0.5,4.72,34.9277886255714,6.11054550888889,92.665071876,78.0965635244444,48.18680311,41.492344475,NA,411.491236282727,182724726.545455,185.080616605
"86","South-East Asia Region",2019,0.07,21.85,0.47,4.48,34.9277886255714,5.21858920033333,93.097624738,79.6968995722222,48.8223384485714,42.5583287383333,NA,418.18799634,184491266.181818,198.4484388775
"87","South-East Asia Region",2020,0.07,20.96,0.43,3.82,34.9277886255714,4.41902338755556,93.524198613,81.2803275855556,49.4225053128571,43.6542966316667,NA,424.880416447273,186182604.909091,134.180233732333
"88","South-East Asia Region",2021,0.06,20.91,0.41,3.35,34.9277886255714,3.65739480888889,93.923921427,82.8282739588889,49.8575230157143,44.720637605,NA,431.396500714545,187658228.727273,183.326744446833
"89","European Region",2000,0,5.69,0.33,0.18,32.229368902913,0.115898870204082,95.594829352,95.0463541916327,84.0642691761225,71.9940627740909,83.24600978,446.285263750333,16412886.990566,81.5320942041064
"90","European Region",2001,0,5.77,0.33,0.17,31.4799084785217,0.112141249734694,95.7123701276,95.1100716261224,84.2776091767347,72.2543704061364,83.81407216,446.816138967353,16437936.6509434,84.6437266558511
"91","European Region",2002,0,5.87,0.33,0.16,31.3363835814783,0.106556413387755,95.848353635,95.1999740942857,84.5241240102041,72.5385968247727,84.4217744,447.273609550235,16470715.509434,87.5369510062128
"92","European Region",2003,0,5.99,0.32,0.15,31.7618630885435,0.100903623081633,95.9842156878,95.2832593165306,84.7773066410204,72.8125218056818,85.04492049,447.600123554353,16515267.3207547,88.7515361898511
"93","European Region",2004,0,6.1,0.32,0.14,31.4939924305435,0.0952067906938776,96.1108659972,95.3811100197959,85.1891830091837,73.189409735,85.67044133,448.239302749078,16564430.7830189,95.1139036925745
"94","European Region",2005,0,6.19,0.31,0.13,31.5837778392174,0.0892033784081633,96.2464351548,95.5063528746939,85.7377391930612,73.5772298106818,86.29812671,448.109038799196,16612838.6509434,98.4349330888511
"95","European Region",2006,0,6.28,0.31,0.13,31.1017769374348,0.0832548104693877,96.3826895134,95.6321639312245,86.2883660306122,73.9947951934091,86.92841757,447.339332112549,16663259.0754717,105.520298374936
"96","European Region",2007,0,6.37,0.31,0.13,30.5255290740217,0.0773643629387755,96.5186509398,95.7565802002041,86.8395602332653,74.4118850793182,87.56089698,446.182186205686,16711537.3867925,117.870561152191
"97","European Region",2008,0,6.46,0.31,0.12,30.8319598808261,0.0715330259591837,96.6542967186,95.8807485902041,87.3865168469388,74.8441503309091,88.19595698,447.072214861961,16780157.4716981,117.753286319426
"98","European Region",2009,0,6.53,0.31,0.12,30.1855173487174,0.0657625695714286,96.7896577752,96.005533455102,87.9311740565306,75.3437833193182,88.83322921,453.393113543431,16848534.0754717,113.466676824468
"99","European Region",2010,0,6.57,0.31,0.12,30.177064768413,0.0601757036326531,96.9203823788,96.1298272761225,88.4927824444898,75.8541707065909,89.47290193,461.645203074118,16910996.0566038,114.219481557532
"100","European Region",2011,0,6.54,0.31,0.11,30.0049317657391,0.0546551015306122,97.0507810944,96.2540460542857,89.0204886840816,76.3882910965909,90.1149814,469.433827108176,16949708.7264151,118.437571662596
"101","WHO region",2000,NA,13.79,NA,4.93,NA,NA,NA,NA,NA,NA,NA,NA,NA,NA
"102","WHO region",2001,NA,13.77,NA,4.76,NA,NA,NA,NA,NA,NA,NA,NA,NA,NA
"103","WHO region",2002,NA,13.76,NA,4.6,NA,NA,NA,NA,NA,NA,NA,NA,NA,NA
"104","WHO region",2003,NA,13.75,NA,4.45,NA,NA,NA,NA,NA,NA,NA,NA,NA,NA
"105","WHO region",2004,NA,13.74,NA,4.32,NA,NA,NA,NA,NA,NA,NA,NA,NA,NA
"106","WHO region",2005,NA,13.75,NA,4.23,NA,NA,NA,NA,NA,NA,NA,NA,NA,NA
"107","WHO region",2006,NA,13.75,NA,4.2,NA,NA,NA,NA,NA,NA,NA,NA,NA,NA
"108","WHO region",2007,NA,13.74,NA,4.11,NA,NA,NA,NA,NA,NA,NA,NA,NA,NA
"109","WHO region",2008,NA,13.73,NA,3.95,NA,NA,NA,NA,NA,NA,NA,NA,NA,NA
"110","WHO region",2009,NA,13.71,NA,3.82,NA,NA,NA,NA,NA,NA,NA,NA,NA,NA
"111","WHO region",2010,NA,13.67,NA,3.66,NA,NA,NA,NA,NA,NA,NA,NA,NA,NA
"112","WHO region",2011,NA,13.58,NA,3.52,NA,NA,NA,NA,NA,NA,NA,NA,NA,NA
"113","WHO region",2012,NA,13.4,NA,3.37,NA,NA,NA,NA,NA,NA,NA,NA,NA,NA
"114","WHO region",2013,NA,13.19,NA,3.25,NA,NA,NA,NA,NA,NA,NA,NA,NA,NA
"115","WHO region",2014,NA,12.99,NA,3.08,NA,NA,NA,NA,NA,NA,NA,NA,NA,NA
"116","WHO region",2015,NA,12.84,NA,2.91,NA,NA,NA,NA,NA,NA,NA,NA,NA,NA
"117","WHO region",2016,NA,12.72,NA,2.76,NA,NA,NA,NA,NA,NA,NA,NA,NA,NA
"118","WHO region",2017,NA,12.61,NA,2.64,NA,NA,NA,NA,NA,NA,NA,NA,NA,NA
"119","WHO region",2018,NA,12.53,NA,2.51,NA,NA,NA,NA,NA,NA,NA,NA,NA,NA
"120","WHO region",2019,NA,12.52,NA,2.38,NA,NA,NA,NA,NA,NA,NA,NA,NA,NA
"121","WHO region",2020,NA,12.05,NA,2.01,NA,NA,NA,NA,NA,NA,NA,NA,NA,NA
"122","WHO region",2021,NA,12.06,NA,1.8,NA,NA,NA,NA,NA,NA,NA,NA,NA,NA
"123","European Region",2012,NA,6.46,0.31,0.11,29.9842098797609,0.049198614244898,97.179404803,96.3784609997959,89.4749081487755,76.9368719497727,90.75945374,477.793683300039,17018758.8301887,122.172646921298
"124","European Region",2013,NA,6.32,0.31,0.11,29.4397000453261,0.0438041334693878,97.3094419888,96.5027811163265,89.8964461822449,77.5313091586364,91.40914803,485.588537053098,17099634.8113208,128.08943067434
"125","European Region",2014,NA,6.15,0.31,0.11,29.2562677212391,0.0384698123265306,97.432165702,96.6270296016327,90.28791455,78.1330096731818,92.06318714,493.078738266255,17183779.8396226,133.349316685702
"126","European Region",2015,NA,5.97,0.31,0.11,29.1943231343261,0.0335631535510204,97.567890197,96.763132537551,90.576048217551,78.7503157763636,92.72079766,500.395434458608,17265530.1981132,140.750921423319
"127","European Region",2016,NA,5.65,0.31,0.11,29.084614308587,0.0289920404285714,97.6912472216,96.8952054691837,90.8431160067347,79.2689853461364,93.3810039,506.679777498588,17346722.1415094,145.527780394234
"128","European Region",2017,NA,5.19,0.31,0.11,29.7541295678478,0.0246727255918367,97.812186117,97.0152988318367,91.0820538344898,79.7469935511364,94.04294056,512.187560047706,17418865.9528302,146.922031781787
"129","European Region",2018,NA,4.74,0.31,0.11,29.7790599508478,0.0206601246326531,97.930641809,97.1182763877551,91.2864250540816,80.1704895311364,94.39591691,518.574617774961,17488298.5188679,147.630634957702
"130","European Region",2019,NA,4.46,0.31,0.11,29.3634587918913,0.0188933984285714,98.0360589076,97.2061747865306,91.437326252449,80.4419260672727,94.40049873,519.951351907647,17549986.3396226,155.702594526532
"131","European Region",2020,NA,4.1,0.29,0.09,29.1645244350652,0.0181022521428571,98.1192163186,97.2746809171429,91.5568445312245,80.6789562738636,94.40664487,520.602207002843,17596122.9150943,148.649405081149
"132","European Region",2021,NA,3.89,0.28,0.08,29.2479309804565,0.0176404533265306,98.1751828454,97.3240031079592,91.6120803302041,80.8831290415909,94.41437094,515.32512540002,17598921.6792453,162.612845780894
"133","Western Pacific Region",2000,NA,6.64,0.5,0.7,42.848067229,15.6669768804286,82.5660011528571,67.484937346087,47.5589344310667,54.49079244625,NA,378.27143976164,66853813.32,39.8196850400833
"134","Western Pacific Region",2001,NA,6.53,0.49,0.63,44.1730097241667,15.2503903615714,82.9493136461905,67.9793996708696,47.9073047213333,54.99941371,NA,385.8503823426,67411534.32,39.6180649825
"135","Western Pacific Region",2002,NA,6.45,0.48,0.56,45.117575587,14.8186510806667,83.3618741638095,68.5979323473913,48.3242850216,55.457185076875,NA,387.22756503636,67933100.72,40.5812552584167
"136","Western Pacific Region",2003,NA,6.37,0.48,0.5,46.33641809225,14.3870433462381,83.7712640119048,69.2405287373913,48.7475300376667,56.025851705,NA,380.3507124854,68426752.8,41.4481602298333
"137","Western Pacific Region",2004,NA,6.28,0.47,0.46,47.5584904276667,13.9433378428571,84.1678195238095,69.9184387047826,49.0878603213333,56.64027705375,NA,383.68122847444,68898275.12,42.6221598199167
"138","Western Pacific Region",2005,NA,6.16,0.46,0.43,48.47204579375,13.468214039619,84.58669416,70.6505494,49.389864317,57.289645836875,NA,390.25436839448,69364175.8,43.602631377
"139","Western Pacific Region",2006,NA,5.96,0.46,0.41,45.9383203424167,12.9989920358571,84.993676227619,71.3545974147826,49.7444332465333,57.9222038775,NA,397.24092428592,69836802.36,46.3779053750833
"140","Western Pacific Region",2007,NA,5.66,0.45,0.38,43.2967006075,12.5284456148095,85.4007621309524,72.0853839386957,50.1043199651333,58.589919478125,NA,408.66790876068,70318756.44,48.8444556904167
"141","Western Pacific Region",2008,NA,5.34,0.45,0.35,40.7314649941667,12.0601254291429,85.8025816095238,72.7999274369565,50.4690960872,59.26072857625,NA,422.1759707014,70808529.12,50.5377420101667
"142","Western Pacific Region",2009,NA,5.06,0.45,0.33,38.0255146325833,11.5908953719048,86.1981626204762,73.5121075526087,50.8409226769333,59.93383615,NA,431.6670227078,71273164.8,52.2515699573333
"143","Western Pacific Region",2010,NA,4.88,0.44,0.31,35.3156384045,11.1251627145714,86.5821131219048,74.2202211643478,51.2159193852667,60.61314247375,NA,437.02698012956,71725005.72,58.1574535334167
"144","Western Pacific Region",2011,NA,4.76,0.44,0.3,32.7376675910833,10.6706652784286,86.946638187619,74.9050042426087,51.5822740514,61.1808066475,NA,443.50532461116,72204257.68,62.9541653876667
"145","Western Pacific Region",2012,NA,4.63,0.43,0.29,30.60954430675,10.2235569519048,87.2991919352381,75.58169887,51.9410516817333,61.716860039375,NA,451.22124780396,72758567.72,66.9965522765
"146","Western Pacific Region",2013,NA,4.51,0.43,0.27,28.50364749975,9.77919005576191,87.6866927123809,76.2549659413043,52.3098379933333,62.223820701875,NA,456.95855815068,73307376.96,72.9596960078333
"147","Western Pacific Region",2014,NA,4.4,0.42,0.26,26.4902826678333,9.33752007152381,88.0725193742857,76.9250543443478,52.6703062274667,62.735029030625,NA,461.16498278984,73836200,82.4554942400833
"148","Western Pacific Region",2015,NA,4.33,0.42,0.25,24.1582720870833,8.89856445171429,88.4525311261905,77.5919197565217,53.0321629447333,63.250199499375,NA,465.85996940232,74336343.8,102.124113867333
"149","Western Pacific Region",2016,NA,4.28,0.42,0.24,24.3372704546667,8.46228373542857,88.8414103647619,78.2508738326087,53.3948976386,63.76909622,NA,470.85367211568,74833566.04,102.615573886833
"150","Western Pacific Region",2017,NA,4.24,0.42,0.23,24.1833679564167,8.02872170809524,89.2136466047619,78.8997405169565,53.7584321825333,64.290887415625,NA,470.67068042768,75343263.48,106.3136093625
"151","Western Pacific Region",2018,NA,4.21,0.42,0.22,24.0118746220833,7.63452150452381,89.5968428285714,79.540861426087,54.124052476,64.81746233875,NA,471.96966722436,75770290.12,110.563575386583
"152","Western Pacific Region",2019,NA,4.2,0.41,0.21,24.0470778850833,7.25976468428571,90.0067242942857,80.137920363913,54.4883225832667,65.3305358175,NA,475.17302524988,76127457.24,113.932326476833
"153","Western Pacific Region",2020,NA,4.2,0.41,0.19,23.8581758018333,6.96788512823809,90.32430314,80.6372855043478,54.8300970258667,65.61662335,NA,473.59109872436,76397215.6,112.21085204775
"154","Western Pacific Region",2021,NA,4.07,0.4,0.18,23.95099177825,6.68657906990476,90.6429878161905,81.0861187,55.1649447710667,65.7902721975,NA,460.77155772604,76531248.28,114.75625624475
"155",NA,NA,NA,NA,NA,NA,NA,NA,NA,NA,NA,NA,NA,NA,NA,NA
